feature,importance
N,0.6111718071906693
P,0.2382145105325706
K,0.06616709186775187
Fe,0.06062768265299603
EC,0.023818907756012288
