feature,importance
N,0.7140490726011979
P,0.17265944226567367
Fe,0.05110892381516872
K,0.03628518235978559
EC,0.02589737895817399
