feature,importance
N,0.6577888544159991
P,0.16671319114064323
Fe,0.08043222992179108
K,0.05069636760922423
EC,0.0443693569123425
