feature,importance
N,0.30625
P,0.026136363636363624
K,0.0022727272727272596
Fe,-0.002840909090909094
EC,-0.006818181818181834
