feature,importance
N,0.7370185303883493
P,0.1320109819723067
Fe,0.06515566940008526
K,0.03356231216091309
EC,0.03225250607834577
